{
    "page9": {
        "bgcolor": ["", "dispnone", "", "", "", "", "", "", "", "", "", "", "", "", ""],
        "text": [
            "1 Fun with Words<br><br>Learning Track <br>Domains <br>Cognitive Development<br>Development of Literacy<br>Physical Development<br><br>Curricular Goals <br>CG-2, CG-3, CG-7, CG-9, <br>CG-10, CG-11, CG-13<br><br>Competencies <br>C-2.1, C-2.2, C-3.1, C-3.2, <br>C-7.1, C-7.2, C-9.1, C-9.3, <br>C-9.4, C-9.5, C-9.7, C-10.1, <br>C-10.2, C-10.3, C-11.1, <br>C-11.2, C-13.1, C-13.2, <br>C-13.3, C-13.4<br><br>Skills<br>Critical thinking<br>Problem-solving<br>Creative thinking<br>Communication <br>Initiative and self-direction<br>Collaboration<br><br>P1 Take-off!<br>• Reading the names of pictures and <br>identifying the vowels<br><br>P2,P3 Reading and comprehension (Guided practice)<br>• Enjoy the poem with phonic word play<br>• Answer questions based on the rhymes<br><br>P4 Vocabulary and Pronunciation<br>• Identifying the correct name of a picture<br>• Identifying the name of a picture and <br>writing the missing vowel<br><br>P5 Grammar<br>• Naming words—nouns<br><br>P6,P7 Listening and Speaking<br>• Listening and repeating the rhyming words<br>• Listening to a description and using it to <br>describe oneself in the same way<br><br>P8 Writing (Guided practice)<br>• Identify the rhyming words<br><br>P9 It’s Work Time! (Independent practice) <br>• Do tasks/Answer questions based on the <br>knowledge gained<br><br>P10 Experiential Learning<br>• Reading the sentence and colouring the <br>correct picture<br><br>P11 Aptitude Time (Independent practice)<br><br>Learning Outcomes<br>Fun with Words<br>Through the course of the lesson<br>1. Students gain  <br>• vocabulary skills<br>• communication skills<br>• reading and writing skills<br>2.  Students learn  <br>• to link consonants and vowels<br>• to recognize the phonemic sounds and symbols for consonants and vowels<br>3.  Students discover<br>• the blend of consonants within and between words<br>4.  Students develop<br>• skills to identify and produce clear sounds for vowels <br>and consonants<br>• pronunciation skills to utter simple words correctly"
        ]
    },
    "page10": {
        "bgcolor": ["", "dispnone", "", "", "", "", "", "", "", "", "", "", "", "", ""],
        "text": [
            "Take-off! <br><br>Observe and read the names of the given pictures. Circle the letters a, e, i,<br>o, and u in the names. One has been done for you.<br><br>bug bin bed tap<br>top pen bat cup<br>pot bun boy nut<br>mat cow"
        ]
    },
    "page11": {
        "bgcolor": ["", "dispnone", "", "", "", "", "", "", "", "", "", "", "", "", ""],
        "text": [
            "Kitty was a big cat.<br>She sat on a mat.<br>She wore a red hat.<br>A rat saw the cat.<br>HHee wwaanntteedd ttoo ggiivvee hheerr aa ppaatt..<br>But, his tail was stuck under the bat.<br><br>Rhyming words<br>red   bed<br>saw  draw<br><br>I saw a little bee.<br>That was sitting on a tree.<br>I climbed to see.<br>There I saw three.<br>Phew! I jumped off the tree.<br>I fell and hurt my knee<br><br>FA<br>1. Is Kitty a rat or a cat?<br>Kitty is a .................... .<br>2. Kitty wore a .................... hat.<br>a. blue b. red c. green d. orange<br>3. There were .................... bees on the tree.<br>a. four b. three c. two d. one"
        ]
    },
    "page12": {
        "bgcolor": ["", "dispnone", "", "", "", "", "", "", "", "", "", "", "", "", ""],
        "text": [
            "Bob had a tiny dog.<br>Bob and the dog went for a walk.<br>The street was full of fog.<br>So, the dog sat on the log and looked<br>at the frog.<br><br>Shelly had a shell.<br>She stuck it on a bell.<br>Nice! I shall tell. <br>She has done it very well.<br><br>Red is the colour of cherry.<br>Blue is the colour of berry.<br>Purple is the colour of raspberry.<br>My garden has lots to carry.<br>Mother can make some juice from gooseberry.<br><br>FA<br>1. Bob had a tiny .................... . <br>a. cat b. dog c. turtle d. fish<br>2. Shelly stuck the shell on a .................... .<br>a. wall b. bell c. paper d. doll <br><br>Rhyming words<br>walk chalk<br>shell fell<br>berry ferry"
        ]
    },
    "page13": {
        "bgcolor": ["", "dispnone", "", "", "", "", "", "", "", "", "", "", "", "", ""],
        "text": [
            "Look at the sun and the bug.<br>The bug is enjoying the sun.<br>The bug is snug on a rug.<br>The sun, too, is having fun.<br><br>FA<br>The bug is enjoying the ............................ .<br>a. rug b. mug c. sun d. fun<br><br>Rhyming words<br>sun run<br>bug mug<br><br>FA<br>Which rhyme does the picture above<br>remind you of? Sing it in class."
        ]
    },
    "page14": {
        "bgcolor": ["", "dispnone", "", "", "", "", "", "", "", "", "", "", "", "", ""],
        "text": [
            "EXERCISES<br><br>Comprehension<br><br>1. Look at each picture and tick () the correct sentences.<br>a. (1) Kitty wore a blue hat.<br>(2) Kitty sat on a mat.<br>(3) Kitty saw a rat.<br>(4) The rat’s tail was stuck under a chair.<br>b. (1) Bob had a tiny cat.<br>(2) The street was full of leaves.<br>(3) The dog sat on the log.<br>(4) The dog looked at a rat.<br>c. (1) The bug is on the rug.<br>(2) The bug is sleeping.<br>(3) The sun is sad.<br>(4) The sun is having fun.<br><br>2. Choose the correct answer and fill in the blanks.<br>a. A __________ (rat/sat/bat/pat) saw the cat.<br>b. I fell and hurt my __________(feet/knee/bee/see).<br>c. Shelly had a __________ (bell/shell/sell/fell).<br>d. __________ (Purple/Red/Orange/Blue) is the colour of<br>raspberry.<br>e. The bug was snug on a __________ (rug/mat/chair/bed).<br><br>3. Answer the following questions.<br>a. What was the colour of Kitty’s hat?<br>Kitty wore a __________ (blue/red/green/pink) hat."
        ]
    },
    "page15": {
        "bgcolor": ["", "dispnone", "", "", "", "", "", "", "", "", "", "", "", "", ""],
        "text": [
            "b. Which animal did Bob have?<br>Bob had a __________ (cat/dog/rat/parrot).<br>c. What did Shelly do with the bell?<br>Shelly stuck a __________ (shell/sticker/paper/bead) onthe bell.<br>d. Which fruit can mother use to make juice?<br>Mother can use __________ (cherry/gooseberry/raspberry/berry) to make juice.<br>e. How was the sun feeling?<br>The sun was __________ (having fun/sad/happy/unhappy).<br><br><br>Vocabulary and Pronunciation <br><br>(names of things) <br>1. Tick (✓) the name of the given picture.<br>a. <br>tap<br>cap<br>map<br><br>b.<br>fin<br>tin<br>pin<br><br>c.<br>tug<br>hug<br>bug<br><br>d.<br>hen<br>pen<br>den<br><br>e.<br>box<br>ox<br>fox<br><br>f.<br>dam<br>jam<br>ram"
        ]
    },
    "page16": {
        "bgcolor": ["", "dispnone", "", "", "", "", "", "", "", "", "", "", "", "", ""],
        "text": [
            "(identifying vowels)<br>2. Say the names of the given pictures and write the missing vowels.<br><br>Grammar <br><br>(naming words—nouns)<br>What are naming words?<br><br>Naming words are the <br>names given to animals, <br>places, things, and people.<br><br>Identify the pictures and say their names aloud.<br>chair <br>Maya <br>Raju <br>table<br><br>These are examples of naming words."
        ]
    },
    "page17": {
        "bgcolor": ["", "dispnone", "", "", "", "", "", "", "", "", "", "", "", "", ""],
        "text": [
            "Look around your classroom. Everything around us has a name.<br>teacher <br>blackboard <br>door <br>fan<br>flower<br>book<br>bird <br>girl<br>boy<br>book<br>window<br>chair<br>table <br>desk <br>bag <br>dustbin<br><br>People have names.<br>Examples: Meera, Rohan, Sam, Ankit, and so on<br>Animals have names.<br>Examples: horse, dog, cow,<br>lion, and so on<br><br>Places have names.<br>Examples: Chennai, Delhi, Mumbai, Kolkata, and so on<br>Things have names.<br>Examples: table, chair, television, cupboard, and so on<br>Naming words are also known as nouns."
        ]
    },
    "page18": {
        "bgcolor": ["", "dispnone", "", "", "", "", "", "", "", "", "", "", "", "", ""],
        "text": [
            "1. Name any two things around you.<br>a.<br>b.<br>2. Name any two people around you.<br>a.<br>b.<br><br>Listening and Speaking <br><br>(listening and repeating rhyming words)<br>1. Listen to your teacher say the rhyming words and repeat after her.<br>bat cat fat hat<br>bad dad had mad<br>cap map nap tap<br>can fan man pan<br><br>(describing oneself with picture and oral cues)<br>2. Listen to your teacher read each sentence. Now, take turns to describe<br>yourself using these pointers.<br>This is Sara.<br>Sara has two eyes. She uses them to see the things around her.<br>Sara has one nose. She uses it to smell.<br>Sara uses her mouth to eat.<br>She uses her hands to clap.<br>Sara uses her legs to walk.<br>Sara uses her ears to hear."
        ]
    },
    "page19": {
        "bgcolor": ["", "dispnone", "", "", "", "", "", "", "", "", "", "", "", "", ""],
        "text": [
            "Writing <br><br>(rhyming words) <br>Choose a rhyming word from the box and write them on the blank.<br><br>1. bun 2. mug<br>tap<br>sun<br>3. cap mat 4. pan<br>nut<br>bell<br>5. dot 6. ox<br>bug<br>pin<br>man<br>7. hut 8. bin<br>cot<br>box<br>9. rat 10. well"
        ]
    },
    "page20": {
        "bgcolor": ["", "dispnone", "", "", "", "", "", "", "", "", "", "", "", "", ""],
        "text": [
            "It’s Work Time!<br>1. Read the lines and tick () the correct statements.<br>a. Shelly had a shell.<br>She stuck it on a bell.<br>Nice! I shall tell.<br>She has done it very well.<br>(1) ‘Shelly’ is not a naming word.<br>(2) The words ‘shell’ and ‘bell’ are rhyming words.<br>(3) The words ‘tell’ and ‘well’ are also rhyming words.<br><br>b. Red is the colour of cherry.<br>Blue is the colour of berry.<br>Purple is the colour of raspberry.<br>My garden has lots to carry.<br>Mother can make some juice from gooseberry.<br>(1) The colour of berry is red.<br>(2) The colour of cherry is blue.<br>(3) Mother can make juice from gooseberry.<br><br>2. Cross out (X) the words that do not rhyme in each row.<br>a. cat pat mug bat mat<br>b. bug big mug hug jug<br>c. bin tin nib win pin<br>d. top pop mop cop pup<br>e. dam man pan tan fan"
        ]
    },
    "page21": {
        "bgcolor": ["", "dispnone", "", "", "", "", "", "", "", "", "", "", "", "", ""],
        "text": [
            "Experiential Learning <br><br>Read aloud the following. Colour the correct pictures.<br><br>1. This is Logan. He is cutting a log with his wooden axe.<br><br>2. Carl is a tall man. He is jumping over the wall to catch a ball."
        ]
    },
    "page22": {
        "bgcolor": ["", "dispnone", "", "", "", "", "", "", "", "", "", "", "", "", ""],
        "text": [
            "Aptitude Time <br>Duration: 15 minutes<br><br>Level of Aptitude—Easy<br>1. Which one of the following does not rhyme with ‘cat’?<br>a. mat b. hat c. cow d. sat<br><br>2. Find the word that rhymes with ‘hen’.<br>a. sun b. pen c. fun d. chain<br><br>3. Write the missing letters:<br>b ... n ... n ...<br>a. a, a, a<br>b. e, a, a<br>c. a, e, a<br>d. e, e, a<br><br>4. Rahul puts a lid on the jam bottle. Where is the lid?<br>a. on the jam bottle<br>b. on Rahul<br>c. on the floor<br>d. with Rahul<br><br>Level of Aptitude—Medium<br>5. Find the odd one.<br>a. map b. dad c. cap d. tap<br><br>6. Complete the sentence:<br>Sara puts some jam and ham in the __________.<br>a. pan b. fan c. can d. ran<br><br>7. Which of the following words cannot be formed from the word BATHROOM?<br>a. room b. broom c. soon d. bath"
        ]
    },
    "page23": {
        "bgcolor": ["", "dispnone", "", "", "", "", "", "", "", "", "", "", "", "", ""],
        "text": [
            "Level of Aptitude—Difficult<br>8. Find the naming words in the sentence:<br>There are many desks in my classroom.<br>a. many, desks b. desks, classroom<br>c. there, many d. many, classroom<br><br>9. Observe the following word pairs:<br>flowers—smell table—chair<br>Similarly, complete the following:<br>library— __________ socks— __________<br>a. lunch, leg b. read, bag<br>c. books, shoes d. uniform, pencil box<br><br>10. Write a naming word using the letters ‘a’, ‘t’, and ‘n’.<br><br>Self-assessment<br>I can read simple sentences.<br>I can tell the rhyming words in a rhyme.<br>I know what naming words are."
        ]
    }
}